Episode,Avg_Loss,Reward,Epsilon
0,0.0035871443424262423,-78.7650106160899,0.999
