Episode,Avg_Loss,Reward,Epsilon
0,0.0029297695024054432,-81.13057339536485,0.999
