Episode,Avg_Loss,Reward,Epsilon
0,0.0006501397862234431,-83.2080000000002,0.9999
1,0.002074529426288791,-73.18000000000005,0.9998000100000001
2,0.0016038479325943627,-83.55299999999998,0.9997000299990001
3,0.0014648159131174906,-74.59400000000001,0.9996000599960002
