Episode,Avg_Loss,Reward,Epsilon
0,0.00028875802997631545,-24.187000000000026,0.9999
