Episode,Avg_Loss,Reward,Epsilon
0,0.0017889350636588095,-77.03700000000006,0.9999
1,0.0016705065501155332,-81.42399999999991,0.9998000100000001
2,0.0012566755553125404,-79.55800000000005,0.9997000299990001
